﻿<?xml version="1.0"?>
<manifest identifier="LIM" version="1.1"
 xmlns="http://www.imsproject.org/xsd/imscp_rootv1p1p2" 
 xmlns:adlcp="http://www.adlnet.org/xsd/adlcp_rootv1p2"
 xmlns:xsi="http://www.w3.org/2001/XMLSchema-instance" 
 xsi:schemaLocation="http://www.imsproject.org/xsd/imscp_rootv1p1p2     imscp_rootv1p1p2.xsd 
 http://www.adlnet.org/xsd/adlcp_rootv1p2 adlcp_rootv1p2.xsd">	
 <metadata>
 <schema>ADL SCORM</schema>
 <schemaversion>1.2</schemaversion>
  
 </metadata>
  <organizations default="TOC1">
    <organization identifier="TOC1">
      <title>LIM</title>
      <item identifier="ITEM1" identifierref="RESOURCE1">
        <title>Construccion de figuras planas</title>
      </item>
    </organization>
  </organizations>
  <resources>
       	<resource identifier="RESOURCE1" type="webcontent" adlcp:scormtype="sco" href="index.html">
      <metadata>
        <schema>ADL SCORM</schema>
        <schemaversion>1.2</schemaversion>
      </metadata>
	 <file href="recursos/animated-space-fu6eyl0xafghub1h.jpg" />
<file href="recursos/Captura_de_pantalla_2025-05-31_021709.png" />
<file href="recursos/Captura_de_pantalla_2025-05-31_022228.png" />
<file href="recursos/Captura_de_pantalla_2025-05-31_023350.png" />
<file href="recursos/Captura_de_pantalla_2025-05-31_023817.png" />
<file href="recursos/Captura_de_pantalla_2025-05-31_024730.png" />
<file href="recursos/Captura_de_pantalla_2025-05-31_025323.png" />
<file href="recursos/Captura_de_pantalla_2025-05-31_030633.png" />
<file href="recursos/Captura_de_pantalla_2025-05-31_031412.png" />
<file href="recursos/Captura_de_pantalla_2025-05-31_031619.png" />
<file href="recursos/carpintero.png" />
<file href="recursos/contruccion_cuadrado.png" />
<file href="recursos/cuadrado.png" />
<file href="recursos/figuras_planas.jpg" />
<file href="recursos/Imagen34.png" />
<file href="recursos/images.png" />
<file href="recursos/lovepik-reading-taking-notes-studying-boy-png-image_401713849_wh860-removebg-preview.png" />
<file href="recursos/paralelogramo.jpg" />
<file href="recursos/rectangulo.jpg" />
<file href="recursos/rombo.png" />
<file href="recursos/rombo-removebg-preview.png" />
<file href="index.html" />
<file href="html.tlm" />
<file href="sclim/ad.png" />
<file href="sclim/am.png" />
<file href="sclim/at.png" />
<file href="sclim/av.mp3" />
<file href="sclim/av.ogg" />
<file href="sclim/ben.mp3" />
<file href="sclim/ben.ogg" />
<file href="sclim/c.png" />
<file href="sclim/Escolar8.ttf" />
<file href="sclim/in.png" />
<file href="sclim/l.png" />
<file href="sclim/lang.js" />
<file href="sclim/lim-px.css" />
<file href="sclim/lim.css" />
<file href="sclim/limjs.js" />
<file href="sclim/mal.mp3" />
<file href="sclim/mal.ogg" />
<file href="sclim/p.png" />
<file href="sclim/pre.gif" />
<file href="figuras_planas.lim" />
<file href="scormlim.js" />
	
    </resource>
  </resources>
</manifest>
